#,"Date Time, GMT-07:00","Solar Radiation, W/mÂ² (LGR S/N: 10666706, SEN S/N: 10572065)",Rain,Temp,RH,WindSpeed
1,06/17/19 03:14:47  AM,0.6,,54.995,90.8,0
2,06/17/19 03:14:57  AM,0.6,0,54.995,90.8,0
3,06/17/19 03:15:07  AM,0.6,0,54.995,90.8,0
4,06/17/19 03:15:17  AM,0.6,0,54.995,90.9,0
5,06/17/19 03:15:27  AM,0.6,0,54.995,90.8,0
6,06/17/19 03:15:37  AM,0.6,0,54.995,90.8,0
7,06/17/19 03:15:47  AM,0.6,0,54.995,90.8,0
8,06/17/19 03:15:57  AM,0.6,0,54.995,90.8,0
9,06/17/19 03:16:07  AM,0.6,0,55.038,90.8,0
10,06/17/19 03:16:17  AM,0.6,0,55.038,90.8,0
11,06/17/19 03:16:27  AM,0.6,0,55.038,90.8,0
12,06/17/19 03:16:37  AM,0.6,0,55.038,90.8,0
13,06/17/19 03:16:47  AM,0.6,0,55.038,90.8,0
14,06/17/19 03:16:57  AM,0.6,0,55.038,90.8,0
15,06/17/19 03:17:07  AM,0.6,0,55.038,90.8,0
16,06/17/19 03:17:17  AM,0.6,0,55.038,90.8,0
17,06/17/19 03:17:27  AM,0.6,0,55.038,90.8,0
18,06/17/19 03:17:37  AM,0.6,0,55.038,90.8,0
19,06/17/19 03:17:47  AM,0.6,0,55.038,90.8,0
20,06/17/19 03:17:57  AM,0.6,0,55.038,90.8,0
21,06/17/19 03:18:07  AM,0.6,0,55.038,90.8,0
22,06/17/19 03:18:17  AM,0.6,0,55.038,90.8,0
23,06/17/19 03:18:27  AM,0.6,0,55.081,90.8,0
24,06/17/19 03:18:37  AM,0.6,0,55.081,90.8,0
25,06/17/19 03:18:47  AM,0.6,0,55.081,90.8,0
26,06/17/19 03:18:57  AM,0.6,0,55.081,90.9,0
27,06/17/19 03:19:07  AM,0.6,0,55.081,90.8,0
28,06/17/19 03:19:17  AM,0.6,0,55.081,90.8,0
29,06/17/19 03:19:27  AM,0.6,0,55.081,90.9,0
30,06/17/19 03:19:37  AM,0.6,0,55.081,90.9,0
31,06/17/19 03:19:47  AM,0.6,0,55.081,90.9,0
32,06/17/19 03:19:57  AM,0.6,0,55.081,90.9,0
33,06/17/19 03:20:07  AM,0.6,0,55.038,90.9,0
34,06/17/19 03:20:17  AM,0.6,0,55.038,90.9,0
35,06/17/19 03:20:27  AM,0.6,0,55.038,90.9,0
36,06/17/19 03:20:37  AM,0.6,0,55.081,90.9,0
37,06/17/19 03:20:47  AM,0.6,0,55.038,90.9,0
38,06/17/19 03:20:57  AM,0.6,0,55.038,90.9,0
39,06/17/19 03:21:07  AM,0.6,0,55.038,90.9,0
40,06/17/19 03:21:17  AM,0.6,0,55.038,90.9,0
41,06/17/19 03:21:27  AM,0.6,0,55.038,90.9,0
42,06/17/19 03:21:37  AM,0.6,0,55.038,90.9,0
43,06/17/19 03:21:47  AM,0.6,0,54.995,90.9,0
44,06/17/19 03:21:57  AM,0.6,0,54.995,90.9,0
45,06/17/19 03:22:07  AM,0.6,0,54.995,90.9,0
46,06/17/19 03:22:17  AM,0.6,0,54.995,90.9,0
47,06/17/19 03:22:27  AM,0.6,0,54.995,90.9,0
48,06/17/19 03:22:37  AM,0.6,0,54.952,90.9,0
49,06/17/19 03:22:47  AM,0.6,0,54.995,90.9,0
50,06/17/19 03:22:57  AM,0.6,0,54.952,90.9,0
51,06/17/19 03:23:07  AM,0.6,0,54.952,90.9,0
52,06/17/19 03:23:17  AM,0.6,0,54.952,90.9,0
53,06/17/19 03:23:27  AM,0.6,0,54.952,90.9,0
54,06/17/19 03:23:37  AM,0.6,0,54.995,91,0
55,06/17/19 03:23:47  AM,0.6,0,54.995,91,0
56,06/17/19 03:23:57  AM,0.6,0,54.995,91,0
57,06/17/19 03:24:07  AM,0.6,0,54.995,91,0
58,06/17/19 03:24:17  AM,0.6,0,54.995,91,0
59,06/17/19 03:24:27  AM,0.6,0,54.952,91,0
60,06/17/19 03:24:37  AM,0.6,0,54.952,90.9,0
61,06/17/19 03:24:47  AM,0.6,0,54.952,91,0
62,06/17/19 03:24:57  AM,0.6,0,54.952,91,0
63,06/17/19 03:25:07  AM,0.6,0,54.952,91,0
64,06/17/19 03:25:17  AM,0.6,0,54.952,91,0
65,06/17/19 03:25:27  AM,0.6,0,54.952,91,0
66,06/17/19 03:25:37  AM,0.6,0,54.952,91,0
67,06/17/19 03:25:47  AM,0.6,0,54.952,91,0
68,06/17/19 03:25:57  AM,0.6,0,54.952,91,0
69,06/17/19 03:26:07  AM,0.6,0,54.952,91,0
70,06/17/19 03:26:17  AM,0.6,0,54.952,91,0
71,06/17/19 03:26:27  AM,0.6,0,54.952,91,0
72,06/17/19 03:26:37  AM,0.6,0,54.952,91,0
73,06/17/19 03:26:47  AM,0.6,0,54.952,91,0
74,06/17/19 03:26:57  AM,0.6,0,54.952,91,0
75,06/17/19 03:27:07  AM,0.6,0,54.952,91,0
76,06/17/19 03:27:17  AM,0.6,0,54.995,91.1,0
77,06/17/19 03:27:27  AM,0.6,0,54.995,91,0
78,06/17/19 03:27:37  AM,0.6,0,54.995,91.1,0
79,06/17/19 03:27:47  AM,0.6,0,54.995,91,0
80,06/17/19 03:27:57  AM,0.6,0,54.995,91,0
81,06/17/19 03:28:07  AM,0.6,0,54.995,91,0
82,06/17/19 03:28:17  AM,0.6,0,54.995,91,0
83,06/17/19 03:28:27  AM,0.6,0,54.952,91,0
84,06/17/19 03:28:37  AM,0.6,0,54.952,91,0
85,06/17/19 03:28:47  AM,0.6,0,54.952,91,0
86,06/17/19 03:28:57  AM,0.6,0,54.952,91,0
87,06/17/19 03:29:07  AM,0.6,0,54.952,91,0
88,06/17/19 03:29:17  AM,0.6,0,54.952,91,0
89,06/17/19 03:29:27  AM,0.6,0,54.952,91,0
90,06/17/19 03:29:37  AM,0.6,0,54.952,91,0
91,06/17/19 03:29:47  AM,0.6,0,54.952,91,0
92,06/17/19 03:29:57  AM,0.6,0,54.952,91,0
93,06/17/19 03:30:07  AM,0.6,0,54.952,91,0
94,06/17/19 03:30:17  AM,0.6,0,54.952,91,0
95,06/17/19 03:30:27  AM,0.6,0,54.952,91,0
96,06/17/19 03:30:37  AM,0.6,0,54.952,91,0
97,06/17/19 03:30:47  AM,0.6,0,54.909,91,0
98,06/17/19 03:30:57  AM,0.6,0,54.909,91,0
99,06/17/19 03:31:07  AM,0.6,0,54.909,91,0
100,06/17/19 03:31:17  AM,0.6,0,54.909,91,0
101,06/17/19 03:31:27  AM,0.6,0,54.909,91,0
102,06/17/19 03:31:37  AM,0.6,0,54.952,91.1,0
103,06/17/19 03:31:47  AM,0.6,0,54.995,91.1,0
104,06/17/19 03:31:57  AM,0.6,0,55.038,91.1,0
105,06/17/19 03:32:07  AM,0.6,0,55.081,91.1,0
106,06/17/19 03:32:17  AM,0.6,0,55.081,91.1,0
107,06/17/19 03:32:27  AM,0.6,0,55.081,91.1,0
108,06/17/19 03:32:37  AM,0.6,0,55.125,91,0
109,06/17/19 03:32:47  AM,0.6,0,55.081,91,0
110,06/17/19 03:32:57  AM,0.6,0,55.081,91,0
111,06/17/19 03:33:07  AM,0.6,0,55.081,90.9,0
112,06/17/19 03:33:17  AM,0.6,0,55.081,90.9,0
113,06/17/19 03:33:27  AM,0.6,0,55.038,90.9,0
114,06/17/19 03:33:37  AM,0.6,0,55.038,91,0
115,06/17/19 03:33:47  AM,0.6,0,55.038,90.9,0
116,06/17/19 03:33:57  AM,0.6,0,55.038,91,0
117,06/17/19 03:34:07  AM,0.6,0,55.038,91,0
118,06/17/19 03:34:17  AM,0.6,0,55.038,91,0
119,06/17/19 03:34:27  AM,0.6,0,55.038,91,0
120,06/17/19 03:34:37  AM,0.6,0,55.038,91,0
121,06/17/19 03:34:47  AM,0.6,0,55.038,91,0
122,06/17/19 03:34:57  AM,0.6,0,55.038,91,0
123,06/17/19 03:35:07  AM,0.6,0,55.038,91,0
124,06/17/19 03:35:17  AM,0.6,0,55.038,91,0
125,06/17/19 03:35:27  AM,0.6,0,55.038,91,0
126,06/17/19 03:35:37  AM,0.6,0,55.038,91,0
127,06/17/19 03:35:47  AM,0.6,0,55.038,91,0
128,06/17/19 03:35:57  AM,0.6,0,55.038,91,0
129,06/17/19 03:36:07  AM,0.6,0,55.038,91,0
130,06/17/19 03:36:17  AM,0.6,0,55.038,91,0
131,06/17/19 03:36:27  AM,0.6,0,55.038,91,0
132,06/17/19 03:36:37  AM,0.6,0,55.038,91,0
133,06/17/19 03:36:47  AM,0.6,0,55.038,91,0
134,06/17/19 03:36:57  AM,0.6,0,55.038,91,0
135,06/17/19 03:37:07  AM,0.6,0,54.995,91,0
136,06/17/19 03:37:17  AM,0.6,0,54.995,91,0
137,06/17/19 03:37:27  AM,0.6,0,54.995,91,0
138,06/17/19 03:37:37  AM,0.6,0,54.995,91,0
139,06/17/19 03:37:47  AM,0.6,0,54.995,91,0
140,06/17/19 03:37:57  AM,0.6,0,54.995,91,0
141,06/17/19 03:38:07  AM,0.6,0,54.995,91,0
142,06/17/19 03:38:17  AM,0.6,0,54.995,91,0
143,06/17/19 03:38:27  AM,0.6,0,54.995,91,0
144,06/17/19 03:38:37  AM,0.6,0,54.995,91,0
145,06/17/19 03:38:47  AM,0.6,0,54.952,91,0
146,06/17/19 03:38:57  AM,0.6,0,54.995,91,0
147,06/17/19 03:39:07  AM,0.6,0,54.952,91,0
148,06/17/19 03:39:17  AM,0.6,0,54.952,91,0
149,06/17/19 03:39:27  AM,0.6,0,54.952,91,0
150,06/17/19 03:39:37  AM,0.6,0,54.995,91,0
151,06/17/19 03:39:47  AM,0.6,0,54.995,91,0
152,06/17/19 03:39:57  AM,0.6,0,54.995,91,0
153,06/17/19 03:40:07  AM,0.6,0,55.038,91,0
154,06/17/19 03:40:17  AM,0.6,0,55.038,91,0
155,06/17/19 03:40:27  AM,0.6,0,55.038,91,0
156,06/17/19 03:40:37  AM,0.6,0,55.038,91,0
157,06/17/19 03:40:47  AM,0.6,0,55.081,91,0
158,06/17/19 03:40:57  AM,0.6,0,55.038,91,0
159,06/17/19 03:41:07  AM,0.6,0,55.081,90.9,0
160,06/17/19 03:41:17  AM,0.6,0,55.038,90.9,0
161,06/17/19 03:41:27  AM,0.6,0,55.038,90.9,0
162,06/17/19 03:41:37  AM,0.6,0,55.038,90.9,0
163,06/17/19 03:41:47  AM,0.6,0,55.038,90.9,0
164,06/17/19 03:41:57  AM,0.6,0,55.038,90.9,0
165,06/17/19 03:42:07  AM,0.6,0,55.081,91,0
166,06/17/19 03:42:17  AM,0.6,0,55.081,90.9,0
167,06/17/19 03:42:27  AM,0.6,0,55.081,91,0
168,06/17/19 03:42:37  AM,0.6,0,55.081,90.9,0
169,06/17/19 03:42:47  AM,0.6,0,55.081,91,0
170,06/17/19 03:42:57  AM,0.6,0,55.081,91,0
171,06/17/19 03:43:07  AM,0.6,0,55.081,91,0
172,06/17/19 03:43:17  AM,0.6,0,55.081,91,0
173,06/17/19 03:43:27  AM,0.6,0,55.081,91,0
174,06/17/19 03:43:37  AM,0.6,0,55.081,91,0
175,06/17/19 03:43:47  AM,0.6,0,55.081,91.1,0
176,06/17/19 03:43:57  AM,0.6,0,55.125,91,0
177,06/17/19 03:44:07  AM,0.6,0,55.125,91,0
178,06/17/19 03:44:17  AM,0.6,0,55.125,91.1,0
179,06/17/19 03:44:27  AM,0.6,0,55.125,91,0
180,06/17/19 03:44:37  AM,0.6,0,55.081,91.1,0
181,06/17/19 03:44:47  AM,0.6,0,55.125,91,0
182,06/17/19 03:44:57  AM,0.6,0,55.081,91,0
183,06/17/19 03:45:07  AM,0.6,0,55.081,91,0
184,06/17/19 03:45:17  AM,0.6,0,55.081,91,0
185,06/17/19 03:45:27  AM,0.6,0,55.081,91,0
186,06/17/19 03:45:37  AM,0.6,0,55.081,91,0
187,06/17/19 03:45:47  AM,0.6,0,55.081,91,0
188,06/17/19 03:45:57  AM,0.6,0,55.038,91,0
189,06/17/19 03:46:07  AM,0.6,0,55.038,91,0
190,06/17/19 03:46:17  AM,0.6,0,55.038,91,0
191,06/17/19 03:46:27  AM,0.6,0,55.038,91.1,0
192,06/17/19 03:46:37  AM,0.6,0,55.038,91,0
193,06/17/19 03:46:47  AM,0.6,0,54.995,91,0
194,06/17/19 03:46:57  AM,0.6,0,54.995,91.1,0
195,06/17/19 03:47:07  AM,0.6,0,54.995,91.1,0
196,06/17/19 03:47:17  AM,0.6,0,54.995,91.1,0
197,06/17/19 03:47:27  AM,0.6,0,54.995,91.1,0
198,06/17/19 03:47:37  AM,0.6,0,54.995,91.1,0
199,06/17/19 03:47:47  AM,0.6,0,54.952,91.1,0
200,06/17/19 03:47:57  AM,0.6,0,54.952,91.1,0
201,06/17/19 03:48:07  AM,0.6,0,54.952,91.1,0
202,06/17/19 03:48:17  AM,0.6,0,54.952,91.1,0
203,06/17/19 03:48:27  AM,0.6,0,54.952,91.1,0
204,06/17/19 03:48:37  AM,0.6,0,54.952,91.1,0
205,06/17/19 03:48:47  AM,0.6,0,54.952,91.1,0
206,06/17/19 03:48:57  AM,0.6,0,54.952,91.1,0
207,06/17/19 03:49:07  AM,0.6,0,54.952,91.1,0
208,06/17/19 03:49:17  AM,0.6,0,54.952,91.1,0
209,06/17/19 03:49:27  AM,0.6,0,54.952,91.1,0
210,06/17/19 03:49:37  AM,0.6,0,54.952,91.1,0
211,06/17/19 03:49:47  AM,0.6,0,54.909,91.1,0
212,06/17/19 03:49:57  AM,0.6,0,54.909,91.1,0
213,06/17/19 03:50:07  AM,0.6,0,54.909,91.1,0
214,06/17/19 03:50:17  AM,0.6,0,54.909,91.1,0
215,06/17/19 03:50:27  AM,0.6,0,54.909,91.1,0
216,06/17/19 03:50:37  AM,0.6,0,54.909,91.1,0
217,06/17/19 03:50:47  AM,0.6,0,54.909,91.1,0
218,06/17/19 03:50:57  AM,0.6,0,54.909,91.1,0
219,06/17/19 03:51:07  AM,0.6,0,54.909,91.1,0
220,06/17/19 03:51:17  AM,0.6,0,54.909,91.1,0
221,06/17/19 03:51:27  AM,0.6,0,54.909,91.1,0
222,06/17/19 03:51:37  AM,0.6,0,54.909,91.1,0
223,06/17/19 03:51:47  AM,0.6,0,54.909,91.1,0
224,06/17/19 03:51:57  AM,0.6,0,54.865,91.1,0
225,06/17/19 03:52:07  AM,0.6,0,54.865,91.1,0
226,06/17/19 03:52:17  AM,0.6,0,54.865,91.1,0
227,06/17/19 03:52:27  AM,0.6,0,54.865,91.1,0
228,06/17/19 03:52:37  AM,0.6,0,54.865,91.1,0
229,06/17/19 03:52:47  AM,0.6,0,54.865,91.1,0
230,06/17/19 03:52:57  AM,0.6,0,54.865,91.1,0
231,06/17/19 03:53:07  AM,0.6,0,54.865,91.1,0
232,06/17/19 03:53:17  AM,0.6,0,54.865,91.1,0
233,06/17/19 03:53:27  AM,0.6,0,54.82,91.1,0
234,06/17/19 03:53:37  AM,0.6,0,54.82,91.1,0
235,06/17/19 03:53:47  AM,0.6,0,54.82,91,0
236,06/17/19 03:53:57  AM,0.6,0,54.82,91,0
237,06/17/19 03:54:07  AM,0.6,0,54.82,91,0
238,06/17/19 03:54:17  AM,0.6,0,54.777,91.1,0
239,06/17/19 03:54:27  AM,0.6,0,54.777,91,0
240,06/17/19 03:54:37  AM,0.6,0,54.777,91,0
241,06/17/19 03:54:47  AM,0.6,0,54.777,91,0
242,06/17/19 03:54:57  AM,0.6,0,54.734,91,0
243,06/17/19 03:55:07  AM,0.6,0,54.734,91,0
244,06/17/19 03:55:17  AM,0.6,0,54.734,91,0
245,06/17/19 03:55:27  AM,0.6,0,54.734,91,0
246,06/17/19 03:55:37  AM,0.6,0,54.734,91,0
247,06/17/19 03:55:47  AM,0.6,0,54.691,91,0
248,06/17/19 03:55:57  AM,0.6,0,54.691,91,0
249,06/17/19 03:56:07  AM,0.6,0,54.691,91,0
250,06/17/19 03:56:17  AM,0.6,0,54.691,91,0
251,06/17/19 03:56:27  AM,0.6,0,54.648,91,0
252,06/17/19 03:56:37  AM,0.6,0,54.648,91,0
253,06/17/19 03:56:47  AM,0.6,0,54.648,91,0
254,06/17/19 03:56:57  AM,0.6,0,54.648,91,0
255,06/17/19 03:57:07  AM,0.6,0,54.648,91,0
256,06/17/19 03:57:17  AM,0.6,0,54.648,91,0
257,06/17/19 03:57:27  AM,0.6,0,54.604,91,0
258,06/17/19 03:57:37  AM,0.6,0,54.604,91,0
259,06/17/19 03:57:47  AM,0.6,0,54.604,91,0
260,06/17/19 03:57:57  AM,0.6,0,54.604,91,0
261,06/17/19 03:58:07  AM,0.6,0,54.561,91,0
262,06/17/19 03:58:17  AM,0.6,0,54.561,91,0
263,06/17/19 03:58:27  AM,0.6,0,54.561,91,0
264,06/17/19 03:58:37  AM,0.6,0,54.516,91,0
265,06/17/19 03:58:47  AM,0.6,0,54.516,91,0
266,06/17/19 03:58:57  AM,0.6,0,54.516,91,0
267,06/17/19 03:59:07  AM,0.6,0,54.516,91,0
268,06/17/19 03:59:17  AM,0.6,0,54.473,91,0
269,06/17/19 03:59:27  AM,0.6,0,54.473,91,0
270,06/17/19 03:59:37  AM,0.6,0,54.473,91.1,0
271,06/17/19 03:59:47  AM,0.6,0,54.473,91.1,0
272,06/17/19 03:59:57  AM,0.6,0,54.473,91.1,0
273,06/17/19 04:00:07  AM,0.6,0,54.473,91.1,0
274,06/17/19 04:00:17  AM,0.6,0,54.473,91.1,0
275,06/17/19 04:00:27  AM,0.6,0,54.473,91.1,0
276,06/17/19 04:00:37  AM,0.6,0,54.473,91.1,0
277,06/17/19 04:00:47  AM,0.6,0,54.43,91.1,0
278,06/17/19 04:00:57  AM,0.6,0,54.43,91.1,0
279,06/17/19 04:01:07  AM,0.6,0,54.43,91.1,0
280,06/17/19 04:01:17  AM,0.6,0,54.43,91.1,0
281,06/17/19 04:01:27  AM,0.6,0,54.43,91.1,0
282,06/17/19 04:01:37  AM,0.6,0,54.43,91.1,0
283,06/17/19 04:01:47  AM,0.6,0,54.387,91.1,0
284,06/17/19 04:01:57  AM,0.6,0,54.43,91.1,0
285,06/17/19 04:02:07  AM,0.6,0,54.43,91.1,0
286,06/17/19 04:02:17  AM,0.6,0,54.43,91.1,0
287,06/17/19 04:02:27  AM,0.6,0,54.43,91.2,0
288,06/17/19 04:02:37  AM,0.6,0,54.43,91.2,0
289,06/17/19 04:02:47  AM,0.6,0,54.43,91.2,0
290,06/17/19 04:02:57  AM,0.6,0,54.43,91.2,0
291,06/17/19 04:03:07  AM,0.6,0,54.43,91.2,0
292,06/17/19 04:03:17  AM,0.6,0,54.43,91.2,0
293,06/17/19 04:03:27  AM,0.6,0,54.473,91.2,0
294,06/17/19 04:03:37  AM,0.6,0,54.473,91.2,0
295,06/17/19 04:03:47  AM,0.6,0,54.473,91.2,0
296,06/17/19 04:03:57  AM,0.6,0,54.473,91.2,0
297,06/17/19 04:04:07  AM,0.6,0,54.473,91.2,0
298,06/17/19 04:04:17  AM,0.6,0,54.473,91.2,0
299,06/17/19 04:04:27  AM,0.6,0,54.473,91.2,0
300,06/17/19 04:04:37  AM,0.6,0,54.473,91.2,0
301,06/17/19 04:04:47  AM,0.6,0,54.43,91.2,0
302,06/17/19 04:04:57  AM,0.6,0,54.473,91.2,0
303,06/17/19 04:05:07  AM,0.6,0,54.473,91.2,0
304,06/17/19 04:05:17  AM,0.6,0,54.473,91.2,0
305,06/17/19 04:05:27  AM,0.6,0,54.473,91.3,0
306,06/17/19 04:05:37  AM,0.6,0,54.473,91.2,0
307,06/17/19 04:05:47  AM,0.6,0,54.473,91.3,0
308,06/17/19 04:05:57  AM,0.6,0,54.473,91.3,0
309,06/17/19 04:06:07  AM,0.6,0,54.473,91.2,0
310,06/17/19 04:06:17  AM,0.6,0,54.43,91.3,0
311,06/17/19 04:06:27  AM,0.6,0,54.43,91.3,0
312,06/17/19 04:06:37  AM,0.6,0,54.43,91.3,0
313,06/17/19 04:06:47  AM,0.6,0,54.43,91.3,0
314,06/17/19 04:06:57  AM,0.6,0,54.43,91.3,0
315,06/17/19 04:07:07  AM,0.6,0,54.43,91.3,0
316,06/17/19 04:07:17  AM,0.6,0,54.43,91.3,0
317,06/17/19 04:07:27  AM,0.6,0,54.43,91.3,0
318,06/17/19 04:07:37  AM,0.6,0,54.43,91.3,0
319,06/17/19 04:07:47  AM,0.6,0,54.43,91.3,0
320,06/17/19 04:07:57  AM,0.6,0,54.43,91.3,0
321,06/17/19 04:08:07  AM,0.6,0,54.43,91.3,0
322,06/17/19 04:08:17  AM,0.6,0,54.43,91.3,0
323,06/17/19 04:08:27  AM,0.6,0,54.43,91.3,0
324,06/17/19 04:08:37  AM,0.6,0,54.43,91.3,0
325,06/17/19 04:08:47  AM,0.6,0,54.43,91.3,0
326,06/17/19 04:08:57  AM,0.6,0,54.43,91.3,0
327,06/17/19 04:09:07  AM,0.6,0,54.43,91.3,0
328,06/17/19 04:09:17  AM,0.6,0,54.43,91.3,0
329,06/17/19 04:09:27  AM,0.6,0,54.43,91.3,0
330,06/17/19 04:09:37  AM,0.6,0,54.43,91.3,0
331,06/17/19 04:09:47  AM,0.6,0,54.43,91.3,0
332,06/17/19 04:09:57  AM,0.6,0,54.387,91.3,0
333,06/17/19 04:10:07  AM,0.6,0,54.387,91.3,0
334,06/17/19 04:10:17  AM,0.6,0,54.387,91.3,0
335,06/17/19 04:10:27  AM,0.6,0,54.387,91.3,0
336,06/17/19 04:10:37  AM,0.6,0,54.387,91.3,0
337,06/17/19 04:10:47  AM,0.6,0,54.387,91.3,0
338,06/17/19 04:10:57  AM,0.6,0,54.387,91.3,0
339,06/17/19 04:11:07  AM,0.6,0,54.387,91.3,0
340,06/17/19 04:11:17  AM,0.6,0,54.387,91.3,0
341,06/17/19 04:11:27  AM,0.6,0,54.43,91.3,0
342,06/17/19 04:11:37  AM,0.6,0,54.43,91.3,0
343,06/17/19 04:11:47  AM,0.6,0,54.43,91.3,0
344,06/17/19 04:11:57  AM,0.6,0,54.43,91.3,0
345,06/17/19 04:12:07  AM,0.6,0,54.43,91.3,0
346,06/17/19 04:12:17  AM,0.6,0,54.43,91.3,0
347,06/17/19 04:12:27  AM,0.6,0,54.43,91.3,0
348,06/17/19 04:12:37  AM,0.6,0,54.43,91.3,0
349,06/17/19 04:12:47  AM,0.6,0,54.43,91.3,0
350,06/17/19 04:12:57  AM,0.6,0,54.43,91.3,0
351,06/17/19 04:13:07  AM,0.6,0,54.43,91.3,0
352,06/17/19 04:13:17  AM,0.6,0,54.43,91.3,0
353,06/17/19 04:13:27  AM,0.6,0,54.43,91.3,0
354,06/17/19 04:13:37  AM,0.6,0,54.43,91.4,0
355,06/17/19 04:13:47  AM,0.6,0,54.43,91.4,0
356,06/17/19 04:13:57  AM,0.6,0,54.473,91.4,0
357,06/17/19 04:14:07  AM,0.6,0,54.473,91.4,0
358,06/17/19 04:14:17  AM,0.6,0,54.473,91.4,0
359,06/17/19 04:14:27  AM,0.6,0,54.473,91.4,0
360,06/17/19 04:14:37  AM,0.6,0,54.473,91.4,0
361,06/17/19 04:14:47  AM,0.6,0,54.473,91.4,0
362,06/17/19 04:14:57  AM,0.6,0,54.473,91.4,0
363,06/17/19 04:15:07  AM,0.6,0,54.473,91.4,0
364,06/17/19 04:15:17  AM,0.6,0,54.473,91.4,0
365,06/17/19 04:15:27  AM,0.6,0,54.473,91.4,0
366,06/17/19 04:15:37  AM,0.6,0,54.473,91.4,0
367,06/17/19 04:15:47  AM,0.6,0,54.473,91.5,0
368,06/17/19 04:15:57  AM,0.6,0,54.516,91.4,0
369,06/17/19 04:16:07  AM,0.6,0,54.516,91.4,0
370,06/17/19 04:16:17  AM,0.6,0,54.516,91.5,0
371,06/17/19 04:16:27  AM,0.6,0,54.516,91.5,0
372,06/17/19 04:16:37  AM,0.6,0,54.516,91.5,0
373,06/17/19 04:16:47  AM,0.6,0,54.516,91.4,0
374,06/17/19 04:16:57  AM,0.6,0,54.516,91.5,0
375,06/17/19 04:17:07  AM,0.6,0,54.516,91.5,0
376,06/17/19 04:17:17  AM,0.6,0,54.516,91.5,0
377,06/17/19 04:17:27  AM,0.6,0,54.516,91.5,0
378,06/17/19 04:17:37  AM,0.6,0,54.516,91.5,0
379,06/17/19 04:17:47  AM,0.6,0,54.516,91.5,0
380,06/17/19 04:17:57  AM,0.6,0,54.516,91.5,0
381,06/17/19 04:18:07  AM,0.6,0,54.516,91.5,0
382,06/17/19 04:18:17  AM,0.6,0,54.516,91.5,0
383,06/17/19 04:18:27  AM,0.6,0,54.516,91.5,0
384,06/17/19 04:18:37  AM,0.6,0,54.516,91.5,0
385,06/17/19 04:18:47  AM,0.6,0,54.516,91.5,0
386,06/17/19 04:18:57  AM,0.6,0,54.516,91.5,0
387,06/17/19 04:19:07  AM,0.6,0,54.516,91.5,0
388,06/17/19 04:19:17  AM,0.6,0,54.516,91.5,0
389,06/17/19 04:19:27  AM,0.6,0,54.516,91.5,0
390,06/17/19 04:19:37  AM,0.6,0,54.516,91.5,0
391,06/17/19 04:19:47  AM,0.6,0,54.516,91.5,0
392,06/17/19 04:19:57  AM,0.6,0,54.473,91.5,0
393,06/17/19 04:20:07  AM,0.6,0,54.473,91.6,0
394,06/17/19 04:20:17  AM,0.6,0,54.473,91.6,0
395,06/17/19 04:20:27  AM,0.6,0,54.473,91.6,0
396,06/17/19 04:20:37  AM,0.6,0,54.473,91.5,0
397,06/17/19 04:20:47  AM,0.6,0,54.43,91.5,0
398,06/17/19 04:20:57  AM,0.6,0,54.43,91.5,0
399,06/17/19 04:21:07  AM,0.6,0,54.43,91.6,0
400,06/17/19 04:21:17  AM,0.6,0,54.43,91.5,0
401,06/17/19 04:21:27  AM,0.6,0,54.387,91.6,0
402,06/17/19 04:21:37  AM,0.6,0,54.387,91.6,0
403,06/17/19 04:21:47  AM,0.6,0,54.387,91.6,0
404,06/17/19 04:21:57  AM,0.6,0,54.387,91.6,0
405,06/17/19 04:22:07  AM,0.6,0,54.387,91.6,0
406,06/17/19 04:22:17  AM,0.6,0,54.387,91.6,0
407,06/17/19 04:22:27  AM,0.6,0,54.387,91.6,0
408,06/17/19 04:22:37  AM,0.6,0,54.343,91.6,0
409,06/17/19 04:22:47  AM,0.6,0,54.343,91.6,0
410,06/17/19 04:22:57  AM,0.6,0,54.343,91.5,0
411,06/17/19 04:23:07  AM,0.6,0,54.343,91.6,0
412,06/17/19 04:23:17  AM,0.6,0,54.343,91.6,0
413,06/17/19 04:23:27  AM,0.6,0,54.343,91.5,0
414,06/17/19 04:23:37  AM,0.6,0,54.343,91.6,0
415,06/17/19 04:23:47  AM,0.6,0,54.343,91.5,0
416,06/17/19 04:23:57  AM,0.6,0,54.343,91.5,0
417,06/17/19 04:24:07  AM,0.6,0,54.3,91.5,0
418,06/17/19 04:24:17  AM,0.6,0,54.3,91.5,0
419,06/17/19 04:24:27  AM,0.6,0,54.3,91.5,0
420,06/17/19 04:24:37  AM,0.6,0,54.3,91.5,0
421,06/17/19 04:24:47  AM,0.6,0,54.3,91.5,0
422,06/17/19 04:24:57  AM,0.6,0,54.3,91.5,0
423,06/17/19 04:25:07  AM,0.6,0,54.3,91.5,0
424,06/17/19 04:25:17  AM,0.6,0,54.255,91.5,0
425,06/17/19 04:25:27  AM,0.6,0,54.3,91.5,0
426,06/17/19 04:25:37  AM,0.6,0,54.255,91.5,0
427,06/17/19 04:25:47  AM,0.6,0,54.255,91.5,0
428,06/17/19 04:25:57  AM,0.6,0,54.255,91.5,0
429,06/17/19 04:26:07  AM,0.6,0,54.255,91.4,0
430,06/17/19 04:26:17  AM,0.6,0,54.255,91.4,0
431,06/17/19 04:26:27  AM,0.6,0,54.212,91.4,0
432,06/17/19 04:26:37  AM,0.6,0,54.212,91.4,0
433,06/17/19 04:26:47  AM,0.6,0,54.169,91.4,0
434,06/17/19 04:26:57  AM,0.6,0,54.169,91.4,0
435,06/17/19 04:27:07  AM,0.6,0,54.169,91.4,0
436,06/17/19 04:27:17  AM,0.6,0,54.169,91.4,0
437,06/17/19 04:27:27  AM,0.6,0,54.126,91.4,0
438,06/17/19 04:27:37  AM,0.6,0,54.126,91.5,0
439,06/17/19 04:27:47  AM,0.6,0,54.126,91.5,0
440,06/17/19 04:27:57  AM,0.6,0,54.126,91.5,0
441,06/17/19 04:28:07  AM,0.6,0,54.126,91.5,0
442,06/17/19 04:28:17  AM,0.6,0,54.126,91.5,0
443,06/17/19 04:28:27  AM,0.6,0,54.126,91.5,0
444,06/17/19 04:28:37  AM,0.6,0,54.082,91.5,0
445,06/17/19 04:28:47  AM,0.6,0,54.082,91.5,0
446,06/17/19 04:28:57  AM,0.6,0,54.082,91.5,0
447,06/17/19 04:29:07  AM,0.6,0,54.082,91.5,0
448,06/17/19 04:29:17  AM,0.6,0,54.082,91.5,0
449,06/17/19 04:29:27  AM,0.6,0,54.082,91.5,0
450,06/17/19 04:29:37  AM,0.6,0,54.082,91.5,0
451,06/17/19 04:29:47  AM,0.6,0,54.082,91.5,0
452,06/17/19 04:29:57  AM,0.6,0,54.082,91.5,0
453,06/17/19 04:30:07  AM,0.6,0,54.082,91.6,0
454,06/17/19 04:30:17  AM,0.6,0,54.037,91.6,0
455,06/17/19 04:30:27  AM,0.6,0,54.037,91.6,0
456,06/17/19 04:30:37  AM,0.6,0,54.037,91.5,0
457,06/17/19 04:30:47  AM,0.6,0,54.037,91.6,0
458,06/17/19 04:30:57  AM,0.6,0,54.037,91.6,0
459,06/17/19 04:31:07  AM,0.6,0,54.037,91.6,0
460,06/17/19 04:31:17  AM,0.6,0,54.037,91.6,0
461,06/17/19 04:31:27  AM,0.6,0,54.037,91.6,0
462,06/17/19 04:31:37  AM,0.6,0,53.994,91.6,0
463,06/17/19 04:31:47  AM,0.6,0,53.994,91.6,0
464,06/17/19 04:31:57  AM,0.6,0,53.994,91.6,0
465,06/17/19 04:32:07  AM,0.6,0,53.994,91.6,0
466,06/17/19 04:32:17  AM,0.6,0,53.994,91.6,0
467,06/17/19 04:32:27  AM,0.6,0,53.951,91.7,0
468,06/17/19 04:32:37  AM,0.6,0,53.994,91.6,0
469,06/17/19 04:32:47  AM,0.6,0,53.951,91.7,0
470,06/17/19 04:32:57  AM,0.6,0,53.951,91.7,0
471,06/17/19 04:33:07  AM,0.6,0,53.951,91.7,0
472,06/17/19 04:33:17  AM,0.6,0,53.951,91.7,0
473,06/17/19 04:33:27  AM,0.6,0,53.951,91.7,0
474,06/17/19 04:33:37  AM,0.6,0,53.951,91.7,0
475,06/17/19 04:33:47  AM,0.6,0,53.951,91.7,0
476,06/17/19 04:33:57  AM,0.6,0,53.951,91.7,0
477,06/17/19 04:34:07  AM,0.6,0,53.951,91.7,0
478,06/17/19 04:34:17  AM,0.6,0,53.951,91.7,0
479,06/17/19 04:34:27  AM,0.6,0,53.951,91.7,0
480,06/17/19 04:34:37  AM,0.6,0,53.994,91.7,0
481,06/17/19 04:34:47  AM,0.6,0,53.994,91.7,0
482,06/17/19 04:34:57  AM,0.6,0,53.994,91.7,0
483,06/17/19 04:35:07  AM,0.6,0,53.994,91.8,0
484,06/17/19 04:35:17  AM,0.6,0,53.994,91.8,0
485,06/17/19 04:35:27  AM,0.6,0,54.037,91.8,0
486,06/17/19 04:35:37  AM,0.6,0,54.037,91.8,0
487,06/17/19 04:35:47  AM,0.6,0,54.037,91.8,0
488,06/17/19 04:35:57  AM,0.6,0,54.037,91.8,0
489,06/17/19 04:36:07  AM,0.6,0,54.037,91.8,0
490,06/17/19 04:36:17  AM,0.6,0,54.037,91.8,0
491,06/17/19 04:36:27  AM,0.6,0,54.037,91.8,0
492,06/17/19 04:36:37  AM,0.6,0,54.082,91.8,0
493,06/17/19 04:36:47  AM,0.6,0,54.082,91.8,0
494,06/17/19 04:36:57  AM,0.6,0,54.082,91.7,0
495,06/17/19 04:37:07  AM,0.6,0,54.126,91.7,0
496,06/17/19 04:37:17  AM,0.6,0,54.126,91.7,0
497,06/17/19 04:37:27  AM,0.6,0,54.126,91.7,0
498,06/17/19 04:37:37  AM,0.6,0,54.169,91.7,0
499,06/17/19 04:37:47  AM,0.6,0,54.169,91.7,0
500,06/17/19 04:37:57  AM,0.6,0,54.169,91.7,0
501,06/17/19 04:38:07  AM,0.6,0,54.169,91.7,0
502,06/17/19 04:38:17  AM,0.6,0,54.169,91.7,0
503,06/17/19 04:38:27  AM,0.6,0,54.169,91.7,0
504,06/17/19 04:38:37  AM,0.6,0,54.169,91.7,0
505,06/17/19 04:38:47  AM,0.6,0,54.169,91.7,0
506,06/17/19 04:38:57  AM,0.6,0,54.169,91.7,0
507,06/17/19 04:39:07  AM,0.6,0,54.169,91.7,0
508,06/17/19 04:39:17  AM,0.6,0,54.169,91.7,0
509,06/17/19 04:39:27  AM,0.6,0,54.169,91.7,0
510,06/17/19 04:39:37  AM,0.6,0,54.169,91.7,0
511,06/17/19 04:39:47  AM,0.6,0,54.169,91.7,0
512,06/17/19 04:39:57  AM,0.6,0,54.169,91.7,0
513,06/17/19 04:40:07  AM,0.6,0,54.169,91.7,0
514,06/17/19 04:40:17  AM,0.6,0,54.169,91.7,0
515,06/17/19 04:40:27  AM,0.6,0,54.169,91.7,0
516,06/17/19 04:40:37  AM,0.6,0,54.169,91.7,0
517,06/17/19 04:40:47  AM,0.6,0,54.169,91.7,0
518,06/17/19 04:40:57  AM,0.6,0,54.169,91.7,0
519,06/17/19 04:41:07  AM,0.6,0,54.169,91.7,0
520,06/17/19 04:41:17  AM,0.6,0,54.169,91.8,0
521,06/17/19 04:41:27  AM,0.6,0,54.169,91.8,0
522,06/17/19 04:41:37  AM,0.6,0,54.169,91.7,0
523,06/17/19 04:41:47  AM,0.6,0,54.169,91.7,0
524,06/17/19 04:41:57  AM,0.6,0,54.169,91.8,0
525,06/17/19 04:42:07  AM,0.6,0,54.169,91.8,0
526,06/17/19 04:42:17  AM,0.6,0,54.169,91.8,0
527,06/17/19 04:42:27  AM,0.6,0,54.169,91.8,0
528,06/17/19 04:42:37  AM,0.6,0,54.169,91.7,0
529,06/17/19 04:42:47  AM,0.6,0,54.169,91.8,0
530,06/17/19 04:42:57  AM,0.6,0,54.169,91.8,0
531,06/17/19 04:43:07  AM,0.6,0,54.169,91.8,0
532,06/17/19 04:43:17  AM,0.6,0,54.169,91.8,0
533,06/17/19 04:43:27  AM,0.6,0,54.169,91.8,0
534,06/17/19 04:43:37  AM,0.6,0,54.169,91.8,0
535,06/17/19 04:43:47  AM,0.6,0,54.169,91.8,0
536,06/17/19 04:43:57  AM,0.6,0,54.169,91.8,0
537,06/17/19 04:44:07  AM,0.6,0,54.169,91.8,0
538,06/17/19 04:44:17  AM,0.6,0,54.169,91.8,0
539,06/17/19 04:44:27  AM,0.6,0,54.169,91.8,0
540,06/17/19 04:44:37  AM,0.6,0,54.169,91.8,0
541,06/17/19 04:44:47  AM,0.6,0,54.126,91.8,0
542,06/17/19 04:44:57  AM,0.6,0,54.126,91.8,0
543,06/17/19 04:45:07  AM,0.6,0,54.126,91.7,0
544,06/17/19 04:45:17  AM,0.6,0,54.126,91.7,0
545,06/17/19 04:45:27  AM,0.6,0,54.126,91.8,0
546,06/17/19 04:45:37  AM,0.6,0,54.126,91.8,0
547,06/17/19 04:45:47  AM,0.6,0,54.126,91.8,0
548,06/17/19 04:45:57  AM,0.6,0,54.082,91.8,0
549,06/17/19 04:46:07  AM,0.6,0,54.082,91.8,0
550,06/17/19 04:46:17  AM,0.6,0,54.082,91.7,0
551,06/17/19 04:46:27  AM,0.6,0,54.082,91.8,0
552,06/17/19 04:46:37  AM,0.6,0,54.037,91.8,0
553,06/17/19 04:46:47  AM,0.6,0,54.037,91.8,0
554,06/17/19 04:46:57  AM,0.6,0,54.037,91.8,0
555,06/17/19 04:47:07  AM,0.6,0,54.037,91.8,0
556,06/17/19 04:47:17  AM,0.6,0,54.037,91.8,0
557,06/17/19 04:47:27  AM,0.6,0,54.037,91.8,0
558,06/17/19 04:47:37  AM,0.6,0,54.037,91.7,0
559,06/17/19 04:47:47  AM,0.6,0,53.994,91.8,0
560,06/17/19 04:47:57  AM,0.6,0,53.994,91.8,0
561,06/17/19 04:48:07  AM,0.6,0,53.994,91.8,0
562,06/17/19 04:48:17  AM,0.6,0,53.994,91.8,0
563,06/17/19 04:48:27  AM,0.6,0,53.994,91.8,0
564,06/17/19 04:48:37  AM,0.6,0,53.994,91.8,0
565,06/17/19 04:48:47  AM,0.6,0,53.994,91.8,0
566,06/17/19 04:48:57  AM,0.6,0,53.994,91.8,0
567,06/17/19 04:49:07  AM,0.6,0,53.994,91.8,0
568,06/17/19 04:49:17  AM,0.6,0,53.994,91.8,0
569,06/17/19 04:49:27  AM,0.6,0,53.994,91.8,0
570,06/17/19 04:49:37  AM,0.6,0,54.037,91.8,0
571,06/17/19 04:49:47  AM,0.6,0,53.994,91.8,0
572,06/17/19 04:49:57  AM,0.6,0,53.994,91.8,0
573,06/17/19 04:50:07  AM,0.6,0,53.994,91.8,0
574,06/17/19 04:50:17  AM,0.6,0,53.994,91.8,0
575,06/17/19 04:50:27  AM,0.6,0,53.994,91.8,0
576,06/17/19 04:50:37  AM,0.6,0,53.994,91.8,0
577,06/17/19 04:50:47  AM,0.6,0,53.951,91.8,0
578,06/17/19 04:50:57  AM,0.6,0,53.951,91.8,0
579,06/17/19 04:51:07  AM,0.6,0,53.951,91.8,0
580,06/17/19 04:51:17  AM,0.6,0,53.951,91.8,0
581,06/17/19 04:51:27  AM,0.6,0,53.994,91.8,0
582,06/17/19 04:51:37  AM,0.6,0,53.994,91.8,0
583,06/17/19 04:51:47  AM,0.6,0,53.994,91.8,0
584,06/17/19 04:51:57  AM,0.6,0,53.994,91.9,0
585,06/17/19 04:52:07  AM,0.6,0,53.994,91.8,0
586,06/17/19 04:52:17  AM,0.6,0,53.994,91.9,0
587,06/17/19 04:52:27  AM,0.6,0,53.994,91.9,0
588,06/17/19 04:52:37  AM,0.6,0,53.994,91.8,0
589,06/17/19 04:52:47  AM,0.6,0,53.994,91.9,0
590,06/17/19 04:52:57  AM,0.6,0,53.994,91.9,0
591,06/17/19 04:53:07  AM,0.6,0,53.994,91.9,0
592,06/17/19 04:53:17  AM,0.6,0,53.994,91.9,0
593,06/17/19 04:53:27  AM,0.6,0,53.994,91.8,0
594,06/17/19 04:53:37  AM,0.6,0,53.994,91.9,0
595,06/17/19 04:53:47  AM,0.6,0,53.994,91.9,0
596,06/17/19 04:53:57  AM,0.6,0,53.994,91.9,0
597,06/17/19 04:54:07  AM,0.6,0,53.994,91.9,0
598,06/17/19 04:54:17  AM,0.6,0,53.994,91.9,0
599,06/17/19 04:54:27  AM,0.6,0,53.994,91.9,0
600,06/17/19 04:54:37  AM,0.6,0,53.994,91.9,0
601,06/17/19 04:54:47  AM,0.6,0,53.994,91.9,0
602,06/17/19 04:54:57  AM,0.6,0,53.994,91.9,0
603,06/17/19 04:55:07  AM,0.6,0,53.994,91.9,0
604,06/17/19 04:55:17  AM,0.6,0,53.951,91.9,0
605,06/17/19 04:55:27  AM,0.6,0,53.951,91.9,0
606,06/17/19 04:55:37  AM,0.6,0,53.951,91.9,0
607,06/17/19 04:55:47  AM,0.6,0,53.951,91.9,0
608,06/17/19 04:55:57  AM,0.6,0,53.951,91.9,0
609,06/17/19 04:56:07  AM,0.6,0,53.951,91.9,0
610,06/17/19 04:56:17  AM,0.6,0,53.951,91.9,0
611,06/17/19 04:56:27  AM,0.6,0,53.951,91.9,0
612,06/17/19 04:56:37  AM,0.6,0,53.951,92,0
613,06/17/19 04:56:47  AM,0.6,0,53.951,92,0
614,06/17/19 04:56:57  AM,0.6,0,53.994,92,0
615,06/17/19 04:57:07  AM,0.6,0,53.994,92,0
616,06/17/19 04:57:17  AM,0.6,0,54.037,92,0
617,06/17/19 04:57:27  AM,0.6,0,54.082,92,0
618,06/17/19 04:57:37  AM,0.6,0,54.082,92,0
619,06/17/19 04:57:47  AM,0.6,0,54.082,92,0
620,06/17/19 04:57:57  AM,0.6,0,54.082,92,0
621,06/17/19 04:58:07  AM,0.6,0,54.082,91.9,0
622,06/17/19 04:58:17  AM,0.6,0,54.082,91.9,0
623,06/17/19 04:58:27  AM,0.6,0,54.082,91.9,0
624,06/17/19 04:58:37  AM,0.6,0,54.082,91.9,0
625,06/17/19 04:58:47  AM,0.6,0,54.082,91.9,0
626,06/17/19 04:58:57  AM,0.6,0,54.082,91.9,0
627,06/17/19 04:59:07  AM,0.6,0,54.037,91.9,0
628,06/17/19 04:59:17  AM,0.6,0,54.037,91.9,0
629,06/17/19 04:59:27  AM,0.6,0,54.082,91.9,0
630,06/17/19 04:59:37  AM,0.6,0,54.082,91.9,0
631,06/17/19 04:59:47  AM,0.6,0,54.082,92,0
632,06/17/19 04:59:57  AM,0.6,0,54.082,92,0
633,06/17/19 05:00:07  AM,0.6,0,54.082,92,0
634,06/17/19 05:00:17  AM,0.6,0,54.082,92,0
635,06/17/19 05:00:27  AM,0.6,0,54.082,92,0
636,06/17/19 05:00:37  AM,0.6,0,54.082,91.9,0
637,06/17/19 05:00:47  AM,0.6,0,54.037,92,0
638,06/17/19 05:00:57  AM,0.6,0,54.037,91.9,0
639,06/17/19 05:01:07  AM,0.6,0,54.037,91.9,0
640,06/17/19 05:01:17  AM,1.9,0,53.994,91.9,0
641,06/17/19 05:01:27  AM,1.9,0,53.994,91.9,0
642,06/17/19 05:01:37  AM,1.9,0,53.994,91.9,0
643,06/17/19 05:01:47  AM,1.9,0,53.994,91.9,0
644,06/17/19 05:01:57  AM,1.9,0,53.994,91.9,0
645,06/17/19 05:02:07  AM,1.9,0,53.951,92,0
646,06/17/19 05:02:17  AM,1.9,0,53.951,92,0
647,06/17/19 05:02:27  AM,1.9,0,53.951,92,0
648,06/17/19 05:02:37  AM,1.9,0,53.951,92,0
649,06/17/19 05:02:47  AM,1.9,0,53.951,92,0
650,06/17/19 05:02:57  AM,1.9,0,53.951,92,0
651,06/17/19 05:03:07  AM,1.9,0,53.951,92,0
652,06/17/19 05:03:17  AM,1.9,0,53.951,92,0
653,06/17/19 05:03:27  AM,1.9,0,53.908,92,0
654,06/17/19 05:03:37  AM,1.9,0,53.908,92,0
655,06/17/19 05:03:47  AM,1.9,0,53.951,92,0
656,06/17/19 05:03:57  AM,1.9,0,53.951,92,0
657,06/17/19 05:04:07  AM,1.9,0,53.951,92,0
658,06/17/19 05:04:17  AM,1.9,0,53.951,92,0
659,06/17/19 05:04:27  AM,1.9,0,53.951,92,0
660,06/17/19 05:04:37  AM,1.9,0,53.951,92,0
661,06/17/19 05:04:47  AM,1.9,0,53.908,92,0
662,06/17/19 05:04:57  AM,1.9,0,53.908,92,0
663,06/17/19 05:05:07  AM,1.9,0,53.908,92,0
664,06/17/19 05:05:17  AM,1.9,0,53.908,92,0
665,06/17/19 05:05:27  AM,1.9,0,53.908,92,0
666,06/17/19 05:05:37  AM,1.9,0,53.865,92,0
667,06/17/19 05:05:47  AM,1.9,0,53.865,92,0
668,06/17/19 05:05:57  AM,1.9,0,53.865,92,0
669,06/17/19 05:06:07  AM,3.1,0,53.865,92,0
670,06/17/19 05:06:17  AM,3.1,0,53.865,92,0
671,06/17/19 05:06:27  AM,3.1,0,53.865,92,0
672,06/17/19 05:06:37  AM,3.1,0,53.865,92,0
673,06/17/19 05:06:47  AM,3.1,0,53.865,92,0
674,06/17/19 05:06:57  AM,3.1,0,53.865,92.1,0
675,06/17/19 05:07:07  AM,3.1,0,53.865,92,0
676,06/17/19 05:07:17  AM,3.1,0,53.865,92,0
677,06/17/19 05:07:27  AM,3.1,0,53.82,92.1,0
678,06/17/19 05:07:37  AM,3.1,0,53.82,92,0
679,06/17/19 05:07:47  AM,3.1,0,53.776,92,0
680,06/17/19 05:07:57  AM,3.1,0,53.776,91.9,0
681,06/17/19 05:08:07  AM,3.1,0,53.776,91.9,0
682,06/17/19 05:08:17  AM,3.1,0,53.733,91.9,0
683,06/17/19 05:08:27  AM,3.1,0,53.733,91.9,0
684,06/17/19 05:08:37  AM,3.1,0,53.733,91.9,0
685,06/17/19 05:08:47  AM,3.1,0,53.69,91.9,0
686,06/17/19 05:08:57  AM,3.1,0,53.69,91.9,0
687,06/17/19 05:09:07  AM,3.1,0,53.645,91.9,0
688,06/17/19 05:09:17  AM,3.1,0,53.645,92,0
689,06/17/19 05:09:27  AM,3.1,0,53.602,92,0
690,06/17/19 05:09:37  AM,3.1,0,53.602,92,0
691,06/17/19 05:09:47  AM,3.1,0,53.602,92,0
692,06/17/19 05:09:57  AM,3.1,0,53.602,92,0
693,06/17/19 05:10:07  AM,3.1,0,53.602,92,0
694,06/17/19 05:10:17  AM,3.1,0,53.602,92,0
695,06/17/19 05:10:27  AM,4.4,0,53.602,92,0
696,06/17/19 05:10:37  AM,4.4,0,53.602,92,0
697,06/17/19 05:10:47  AM,4.4,0,53.602,91.9,0
698,06/17/19 05:10:57  AM,4.4,0,53.602,91.9,0
699,06/17/19 05:11:07  AM,4.4,0,53.602,91.9,0
700,06/17/19 05:11:17  AM,4.4,0,53.602,91.9,0
701,06/17/19 05:11:27  AM,4.4,0,53.559,91.9,0
702,06/17/19 05:11:37  AM,4.4,0,53.559,92,0
703,06/17/19 05:11:47  AM,4.4,0,53.559,91.9,0
704,06/17/19 05:11:57  AM,4.4,0,53.515,91.9,0
705,06/17/19 05:12:07  AM,4.4,0,53.515,91.9,0
706,06/17/19 05:12:17  AM,4.4,0,53.515,91.9,0
707,06/17/19 05:12:27  AM,4.4,0,53.515,91.9,0
708,06/17/19 05:12:37  AM,4.4,0,53.515,91.9,0
709,06/17/19 05:12:47  AM,4.4,0,53.515,91.9,0
710,06/17/19 05:12:57  AM,4.4,0,53.515,92,0
711,06/17/19 05:13:07  AM,4.4,0,53.515,92,0
712,06/17/19 05:13:17  AM,4.4,0,53.515,92,0
713,06/17/19 05:13:27  AM,4.4,0,53.515,92,0
714,06/17/19 05:13:37  AM,4.4,0,53.515,92,0
715,06/17/19 05:13:47  AM,4.4,0,53.515,92,0
716,06/17/19 05:13:57  AM,4.4,0,53.515,92,0
717,06/17/19 05:14:07  AM,4.4,0,53.515,92,0
718,06/17/19 05:14:17  AM,4.4,0,53.515,92,0
719,06/17/19 05:14:27  AM,5.6,0,53.515,92,0
720,06/17/19 05:14:37  AM,5.6,0,53.515,92,0
721,06/17/19 05:14:47  AM,5.6,0,53.515,92,0
722,06/17/19 05:14:57  AM,5.6,0,53.515,92,0
723,06/17/19 05:15:07  AM,5.6,0,53.515,92,0
724,06/17/19 05:15:17  AM,5.6,0,53.515,92,0
725,06/17/19 05:15:27  AM,5.6,0,53.515,92,0
726,06/17/19 05:15:37  AM,5.6,0,53.515,92,0
727,06/17/19 05:15:47  AM,5.6,0,53.515,92.1,0
728,06/17/19 05:15:57  AM,5.6,0,53.515,92.1,0
729,06/17/19 05:16:07  AM,5.6,0,53.515,92.1,0
730,06/17/19 05:16:17  AM,5.6,0,53.559,92.1,0
731,06/17/19 05:16:27  AM,5.6,0,53.559,92.1,0
732,06/17/19 05:16:37  AM,5.6,0,53.559,92.1,0
733,06/17/19 05:16:47  AM,5.6,0,53.559,92.1,0
734,06/17/19 05:16:57  AM,5.6,0,53.559,92.1,0
735,06/17/19 05:17:07  AM,5.6,0,53.559,92.1,0
736,06/17/19 05:17:17  AM,5.6,0,53.559,92.1,0
737,06/17/19 05:17:27  AM,5.6,0,53.559,92.1,0
738,06/17/19 05:17:37  AM,5.6,0,53.559,92.1,0
739,06/17/19 05:17:47  AM,5.6,0,53.559,92.1,0
740,06/17/19 05:17:57  AM,5.6,0,53.559,92.1,0
741,06/17/19 05:18:07  AM,5.6,0,53.515,92.1,0
742,06/17/19 05:18:17  AM,5.6,0,53.515,92.1,0
743,06/17/19 05:18:27  AM,5.6,0,53.515,92.1,0
744,06/17/19 05:18:37  AM,5.6,0,53.515,92.1,0
745,06/17/19 05:18:47  AM,5.6,0,53.515,92.1,0
746,06/17/19 05:18:57  AM,5.6,0,53.515,92.1,0
747,06/17/19 05:19:07  AM,5.6,0,53.515,92.1,0
748,06/17/19 05:19:17  AM,5.6,0,53.515,92.2,0
749,06/17/19 05:19:27  AM,6.9,0,53.515,92.1,0
750,06/17/19 05:19:37  AM,6.9,0,53.515,92.1,0
751,06/17/19 05:19:47  AM,6.9,0,53.515,92.1,0
752,06/17/19 05:19:57  AM,6.9,0,53.515,92.2,0
753,06/17/19 05:20:07  AM,6.9,0,53.515,92.2,0
754,06/17/19 05:20:17  AM,6.9,0,53.515,92.1,0
755,06/17/19 05:20:27  AM,6.9,0,53.515,92.1,0
756,06/17/19 05:20:37  AM,6.9,0,53.515,92.1,0
757,06/17/19 05:20:47  AM,6.9,0,53.515,92.1,0
758,06/17/19 05:20:57  AM,6.9,0,53.515,92.1,0
759,06/17/19 05:21:07  AM,6.9,0,53.515,92.2,0
760,06/17/19 05:21:17  AM,6.9,0,53.472,92.2,0
761,06/17/19 05:21:27  AM,6.9,0,53.472,92.2,0
762,06/17/19 05:21:37  AM,6.9,0,53.472,92.2,0
763,06/17/19 05:21:47  AM,6.9,0,53.472,92.2,0
764,06/17/19 05:21:57  AM,6.9,0,53.472,92.2,0
765,06/17/19 05:22:07  AM,6.9,0,53.472,92.2,0
766,06/17/19 05:22:17  AM,6.9,0,53.472,92.2,0
767,06/17/19 05:22:27  AM,6.9,0,53.472,92.2,0
768,06/17/19 05:22:37  AM,6.9,0,53.472,92.2,0
769,06/17/19 05:22:47  AM,6.9,0,53.472,92.2,0
770,06/17/19 05:22:57  AM,6.9,0,53.515,92.2,0
771,06/17/19 05:23:07  AM,6.9,0,53.472,92.2,0
772,06/17/19 05:23:17  AM,6.9,0,53.472,92.2,0
773,06/17/19 05:23:27  AM,6.9,0,53.472,92.2,0
774,06/17/19 05:23:37  AM,6.9,0,53.472,92.2,0
775,06/17/19 05:23:47  AM,6.9,0,53.472,92.2,0
776,06/17/19 05:23:57  AM,6.9,0,53.472,92.2,0
777,06/17/19 05:24:07  AM,6.9,0,53.472,92.2,0
778,06/17/19 05:24:17  AM,6.9,0,53.472,92.2,0
779,06/17/19 05:24:27  AM,6.9,0,53.472,92.2,0
780,06/17/19 05:24:37  AM,8.1,0,53.472,92.2,0
781,06/17/19 05:24:47  AM,8.1,0,53.427,92.2,0
782,06/17/19 05:24:57  AM,8.1,0,53.427,92.2,0
783,06/17/19 05:25:07  AM,8.1,0,53.427,92.2,0
784,06/17/19 05:25:17  AM,8.1,0,53.427,92.2,0
785,06/17/19 05:25:27  AM,8.1,0,53.427,92.2,0
786,06/17/19 05:25:37  AM,8.1,0,53.427,92.2,0
787,06/17/19 05:25:47  AM,8.1,0,53.384,92.2,0
788,06/17/19 05:25:57  AM,8.1,0,53.427,92.2,0
789,06/17/19 05:26:07  AM,8.1,0,53.384,92.2,0
790,06/17/19 05:26:17  AM,8.1,0,53.384,92.2,0
791,06/17/19 05:26:27  AM,8.1,0,53.384,92.2,0
792,06/17/19 05:26:37  AM,8.1,0,53.384,92.2,0
793,06/17/19 05:26:47  AM,8.1,0,53.384,92.2,0
794,06/17/19 05:26:57  AM,8.1,0,53.384,92.2,0
795,06/17/19 05:27:07  AM,8.1,0,53.384,92.2,0
796,06/17/19 05:27:17  AM,8.1,0,53.384,92.2,0
797,06/17/19 05:27:27  AM,8.1,0,53.384,92.2,0
798,06/17/19 05:27:37  AM,8.1,0,53.384,92.2,0
799,06/17/19 05:27:47  AM,8.1,0,53.384,92.2,0
800,06/17/19 05:27:57  AM,8.1,0,53.384,92.2,0
801,06/17/19 05:28:07  AM,8.1,0,53.384,92.2,0
802,06/17/19 05:28:17  AM,8.1,0,53.384,92.2,0
803,06/17/19 05:28:27  AM,8.1,0,53.384,92.2,0
804,06/17/19 05:28:37  AM,8.1,0,53.384,92.2,0
805,06/17/19 05:28:47  AM,8.1,0,53.384,92.2,0
806,06/17/19 05:28:57  AM,8.1,0,53.384,92.2,0
807,06/17/19 05:29:07  AM,8.1,0,53.384,92.2,0
808,06/17/19 05:29:17  AM,8.1,0,53.384,92.2,0
809,06/17/19 05:29:27  AM,8.1,0,53.384,92.2,0
810,06/17/19 05:29:37  AM,8.1,0,53.384,92.2,0
811,06/17/19 05:29:47  AM,9.4,0,53.384,92.2,0
812,06/17/19 05:29:57  AM,9.4,0,53.384,92.2,0
813,06/17/19 05:30:07  AM,9.4,0,53.384,92.2,0
814,06/17/19 05:30:17  AM,9.4,0,53.384,92.2,0
815,06/17/19 05:30:27  AM,9.4,0,53.384,92.2,0
816,06/17/19 05:30:37  AM,9.4,0,53.384,92.2,0
817,06/17/19 05:30:47  AM,9.4,0,53.341,92.2,0
818,06/17/19 05:30:57  AM,9.4,0,53.384,92.2,0
819,06/17/19 05:31:07  AM,9.4,0,53.384,92.2,0
820,06/17/19 05:31:17  AM,9.4,0,53.384,92.2,0
821,06/17/19 05:31:27  AM,9.4,0,53.384,92.2,0
822,06/17/19 05:31:37  AM,9.4,0,53.384,92.2,0
823,06/17/19 05:31:47  AM,9.4,0,53.384,92.3,0
824,06/17/19 05:31:57  AM,9.4,0,53.384,92.3,0
825,06/17/19 05:32:07  AM,9.4,0,53.384,92.2,0
826,06/17/19 05:32:17  AM,9.4,0,53.384,92.3,0
827,06/17/19 05:32:27  AM,9.4,0,53.427,92.3,0
828,06/17/19 05:32:37  AM,9.4,0,53.427,92.4,0
829,06/17/19 05:32:47  AM,9.4,0,53.427,92.4,0
830,06/17/19 05:32:57  AM,9.4,0,53.472,92.3,0
831,06/17/19 05:33:07  AM,9.4,0,53.472,92.4,0
832,06/17/19 05:33:17  AM,9.4,0,53.472,92.4,0
833,06/17/19 05:33:27  AM,9.4,0,53.472,92.4,0
834,06/17/19 05:33:37  AM,9.4,0,53.472,92.4,0
835,06/17/19 05:33:47  AM,9.4,0,53.472,92.4,0
836,06/17/19 05:33:57  AM,9.4,0,53.472,92.3,0
837,06/17/19 05:34:07  AM,9.4,0,53.472,92.3,0
838,06/17/19 05:34:17  AM,9.4,0,53.472,92.4,0
839,06/17/19 05:34:27  AM,9.4,0,53.515,92.4,0
840,06/17/19 05:34:37  AM,9.4,0,53.472,92.4,0
841,06/17/19 05:34:47  AM,9.4,0,53.515,92.4,0
842,06/17/19 05:34:57  AM,9.4,0,53.515,92.4,0
843,06/17/19 05:35:07  AM,9.4,0,53.515,92.4,0
844,06/17/19 05:35:17  AM,10.6,0,53.515,92.4,0
845,06/17/19 05:35:27  AM,10.6,0,53.515,92.4,0
846,06/17/19 05:35:37  AM,10.6,0,53.559,92.4,0
847,06/17/19 05:35:47  AM,10.6,0,53.559,92.4,0
848,06/17/19 05:35:57  AM,10.6,0,53.559,92.4,0
849,06/17/19 05:36:07  AM,10.6,0,53.559,92.4,0
850,06/17/19 05:36:17  AM,10.6,0,53.559,92.4,0
851,06/17/19 05:36:27  AM,10.6,0,53.602,92.4,0
852,06/17/19 05:36:37  AM,10.6,0,53.602,92.4,0
853,06/17/19 05:36:47  AM,10.6,0,53.602,92.4,0
854,06/17/19 05:36:57  AM,10.6,0,53.602,92.4,0
855,06/17/19 05:37:07  AM,10.6,0,53.602,92.4,0
856,06/17/19 05:37:17  AM,10.6,0,53.602,92.4,0
857,06/17/19 05:37:27  AM,10.6,0,53.602,92.4,0
858,06/17/19 05:37:37  AM,10.6,0,53.602,92.4,0
859,06/17/19 05:37:47  AM,10.6,0,53.602,92.4,0
860,06/17/19 05:37:57  AM,10.6,0,53.602,92.4,0
861,06/17/19 05:38:07  AM,10.6,0,53.602,92.4,0
862,06/17/19 05:38:17  AM,10.6,0,53.602,92.4,0
863,06/17/19 05:38:27  AM,10.6,0,53.602,92.4,0
864,06/17/19 05:38:37  AM,10.6,0,53.602,92.4,0
865,06/17/19 05:38:47  AM,10.6,0,53.602,92.4,0
866,06/17/19 05:38:57  AM,10.6,0,53.602,92.4,0
867,06/17/19 05:39:07  AM,10.6,0,53.602,92.4,0
868,06/17/19 05:39:17  AM,10.6,0,53.602,92.4,0
869,06/17/19 05:39:27  AM,10.6,0,53.602,92.4,0
870,06/17/19 05:39:37  AM,10.6,0,53.602,92.4,0
871,06/17/19 05:39:47  AM,10.6,0,53.602,92.4,0
872,06/17/19 05:39:57  AM,10.6,0,53.602,92.4,0
873,06/17/19 05:40:07  AM,10.6,0,53.602,92.4,0
874,06/17/19 05:40:17  AM,10.6,0,53.602,92.4,0
875,06/17/19 05:40:27  AM,10.6,0,53.602,92.4,0
876,06/17/19 05:40:37  AM,10.6,0,53.602,92.4,0
877,06/17/19 05:40:47  AM,11.9,0,53.602,92.4,0
878,06/17/19 05:40:57  AM,11.9,0,53.602,92.4,0
879,06/17/19 05:41:07  AM,11.9,0,53.602,92.4,0
880,06/17/19 05:41:17  AM,11.9,0,53.602,92.4,0
881,06/17/19 05:41:27  AM,11.9,0,53.559,92.4,0
882,06/17/19 05:41:37  AM,11.9,0,53.559,92.4,0
883,06/17/19 05:41:47  AM,11.9,0,53.559,92.4,0
884,06/17/19 05:41:57  AM,11.9,0,53.559,92.5,0
885,06/17/19 05:42:07  AM,11.9,0,53.559,92.5,0
886,06/17/19 05:42:17  AM,11.9,0,53.559,92.5,0
887,06/17/19 05:42:27  AM,11.9,0,53.559,92.5,0
888,06/17/19 05:42:37  AM,11.9,0,53.559,92.5,0
889,06/17/19 05:42:47  AM,11.9,0,53.559,92.5,0
890,06/17/19 05:42:57  AM,11.9,0,53.559,92.5,0
891,06/17/19 05:43:07  AM,11.9,0,53.559,92.5,0
892,06/17/19 05:43:17  AM,11.9,0,53.559,92.5,0
893,06/17/19 05:43:27  AM,11.9,0,53.559,92.5,0
894,06/17/19 05:43:37  AM,11.9,0,53.515,92.5,0
895,06/17/19 05:43:47  AM,11.9,0,53.559,92.5,0
896,06/17/19 05:43:57  AM,11.9,0,53.515,92.5,0
897,06/17/19 05:44:07  AM,11.9,0,53.515,92.5,0
898,06/17/19 05:44:17  AM,11.9,0,53.515,92.5,0
899,06/17/19 05:44:27  AM,11.9,0,53.515,92.5,0
900,06/17/19 05:44:37  AM,11.9,0,53.515,92.4,0
901,06/17/19 05:44:47  AM,11.9,0,53.515,92.5,0
902,06/17/19 05:44:57  AM,11.9,0,53.515,92.5,0
903,06/17/19 05:45:07  AM,11.9,0,53.515,92.5,0
904,06/17/19 05:45:17  AM,11.9,0,53.515,92.5,0
905,06/17/19 05:45:27  AM,11.9,0,53.515,92.5,0
906,06/17/19 05:45:37  AM,11.9,0,53.515,92.5,0
907,06/17/19 05:45:47  AM,11.9,0,53.515,92.5,0
908,06/17/19 05:45:57  AM,11.9,0,53.515,92.5,0
909,06/17/19 05:46:07  AM,13.1,0,53.515,92.5,0
910,06/17/19 05:46:17  AM,11.9,0,53.515,92.5,0
911,06/17/19 05:46:27  AM,13.1,0,53.515,92.5,0
912,06/17/19 05:46:37  AM,13.1,0,53.515,92.5,0
913,06/17/19 05:46:47  AM,13.1,0,53.515,92.5,0
914,06/17/19 05:46:57  AM,13.1,0,53.515,92.5,0
915,06/17/19 05:47:07  AM,13.1,0,53.515,92.5,0
916,06/17/19 05:47:17  AM,13.1,0,53.472,92.5,0
917,06/17/19 05:47:27  AM,13.1,0,53.472,92.5,0
918,06/17/19 05:47:37  AM,13.1,0,53.472,92.5,0
919,06/17/19 05:47:47  AM,13.1,0,53.472,92.5,0
920,06/17/19 05:47:57  AM,13.1,0,53.472,92.5,0
921,06/17/19 05:48:07  AM,13.1,0,53.472,92.5,0
922,06/17/19 05:48:17  AM,13.1,0,53.472,92.5,0
923,06/17/19 05:48:27  AM,13.1,0,53.472,92.5,0
924,06/17/19 05:48:37  AM,13.1,0,53.472,92.5,0
925,06/17/19 05:48:47  AM,13.1,0,53.472,92.5,0
926,06/17/19 05:48:57  AM,13.1,0,53.472,92.5,0
927,06/17/19 05:49:07  AM,13.1,0,53.472,92.5,0
928,06/17/19 05:49:17  AM,13.1,0,53.472,92.5,0
929,06/17/19 05:49:27  AM,13.1,0,53.472,92.5,0
930,06/17/19 05:49:37  AM,13.1,0,53.472,92.5,0
931,06/17/19 05:49:47  AM,13.1,0,53.472,92.5,0
932,06/17/19 05:49:57  AM,13.1,0,53.472,92.5,0
933,06/17/19 05:50:07  AM,13.1,0,53.472,92.5,0
934,06/17/19 05:50:17  AM,13.1,0,53.472,92.5,0
935,06/17/19 05:50:27  AM,13.1,0,53.472,92.5,0
936,06/17/19 05:50:37  AM,13.1,0,53.472,92.5,0
937,06/17/19 05:50:47  AM,13.1,0,53.472,92.5,0
938,06/17/19 05:50:57  AM,13.1,0,53.472,92.5,0
939,06/17/19 05:51:07  AM,13.1,0,53.427,92.5,0
940,06/17/19 05:51:17  AM,13.1,0,53.427,92.5,0
941,06/17/19 05:51:27  AM,13.1,0,53.427,92.5,0
942,06/17/19 05:51:37  AM,13.1,0,53.427,92.5,0
943,06/17/19 05:51:47  AM,13.1,0,53.427,92.5,0
944,06/17/19 05:51:57  AM,14.4,0,53.427,92.5,0
945,06/17/19 05:52:07  AM,14.4,0,53.427,92.6,0
946,06/17/19 05:52:17  AM,14.4,0,53.427,92.6,0
947,06/17/19 05:52:27  AM,14.4,0,53.384,92.6,0
948,06/17/19 05:52:37  AM,14.4,0,53.384,92.6,0
949,06/17/19 05:52:47  AM,14.4,0,53.384,92.6,0
950,06/17/19 05:52:57  AM,14.4,0,53.427,92.6,0
951,06/17/19 05:53:07  AM,14.4,0,53.427,92.6,0
952,06/17/19 05:53:17  AM,14.4,0,53.384,92.6,0
953,06/17/19 05:53:27  AM,14.4,0,53.384,92.6,0
954,06/17/19 05:53:37  AM,14.4,0,53.384,92.6,0
955,06/17/19 05:53:47  AM,14.4,0,53.384,92.6,0
956,06/17/19 05:53:57  AM,14.4,0,53.384,92.6,0
957,06/17/19 05:54:07  AM,14.4,0,53.384,92.6,0
958,06/17/19 05:54:17  AM,14.4,0,53.384,92.6,0
959,06/17/19 05:54:27  AM,14.4,0,53.384,92.6,0
960,06/17/19 05:54:37  AM,14.4,0,53.384,92.6,0
961,06/17/19 05:54:47  AM,14.4,0,53.384,92.6,0
962,06/17/19 05:54:57  AM,14.4,0,53.384,92.6,0
963,06/17/19 05:55:07  AM,14.4,0,53.384,92.6,0
964,06/17/19 05:55:17  AM,14.4,0,53.384,92.6,0
965,06/17/19 05:55:27  AM,14.4,0,53.384,92.6,0
966,06/17/19 05:55:37  AM,14.4,0,53.384,92.6,0
967,06/17/19 05:55:47  AM,14.4,0,53.384,92.7,0
968,06/17/19 05:55:57  AM,14.4,0,53.384,92.7,0
969,06/17/19 05:56:07  AM,14.4,0,53.384,92.7,0
970,06/17/19 05:56:17  AM,14.4,0,53.384,92.7,0
971,06/17/19 05:56:27  AM,14.4,0,53.384,92.7,0
972,06/17/19 05:56:37  AM,14.4,0,53.384,92.7,0
973,06/17/19 05:56:47  AM,14.4,0,53.384,92.7,0
974,06/17/19 05:56:57  AM,14.4,0,53.384,92.7,0
975,06/17/19 05:57:07  AM,14.4,0,53.384,92.7,0
976,06/17/19 05:57:17  AM,14.4,0,53.384,92.7,0
977,06/17/19 05:57:27  AM,15.6,0,53.384,92.7,0
978,06/17/19 05:57:37  AM,15.6,0,53.384,92.7,0
979,06/17/19 05:57:47  AM,15.6,0,53.384,92.7,0
980,06/17/19 05:57:57  AM,15.6,0,53.384,92.7,0
981,06/17/19 05:58:07  AM,15.6,0,53.384,92.7,0
982,06/17/19 05:58:17  AM,15.6,0,53.384,92.7,0
983,06/17/19 05:58:27  AM,15.6,0,53.384,92.7,0
984,06/17/19 05:58:37  AM,15.6,0,53.384,92.7,0
985,06/17/19 05:58:47  AM,15.6,0,53.384,92.7,0
986,06/17/19 05:58:57  AM,15.6,0,53.384,92.7,0
987,06/17/19 05:59:07  AM,15.6,0,53.384,92.7,0
988,06/17/19 05:59:17  AM,15.6,0,53.384,92.7,0
989,06/17/19 05:59:27  AM,15.6,0,53.384,92.7,0
990,06/17/19 05:59:37  AM,15.6,0,53.384,92.7,0
991,06/17/19 05:59:47  AM,15.6,0,53.384,92.7,0
992,06/17/19 05:59:57  AM,15.6,0,53.384,92.8,0